image_filename,true_label,true_grade,predicted_label,predicted_grade,confidence
patient_image_000193_846072ee.jpg,1,Grade 2 (Moderate),1,Grade 2 (Moderate),0.9053122401237488
patient_image_000723_95b5e27c.jpg,0,Grade 1 (Mild),1,Grade 2 (Moderate),0.6146774291992188
patient_image_000535_44b5a8c9.jpg,0,Grade 1 (Mild),0,Grade 1 (Mild),0.9346505999565125
patient_image_000752_c1b45b8a.jpg,1,Grade 2 (Moderate),2,Grade 3 (Severe),0.9790443778038025
patient_image_000414_ab919b7f.jpg,1,Grade 2 (Moderate),1,Grade 2 (Moderate),0.8436128497123718
patient_image_000558_fdcf2492.jpg,0,Grade 1 (Mild),0,Grade 1 (Mild),0.7423038482666016
patient_image_000685_3ea9fe53.jpg,1,Grade 2 (Moderate),2,Grade 3 (Severe),0.5849906206130981
patient_image_000812_d7636574.jpg,1,Grade 2 (Moderate),1,Grade 2 (Moderate),0.5140774846076965
patient_image_000681_92937f51.jpg,1,Grade 2 (Moderate),2,Grade 3 (Severe),0.8302778601646423
patient_image_000627_a087afec.jpg,1,Grade 2 (Moderate),1,Grade 2 (Moderate),0.9132211804389954
patient_image_000053_78f8d04f.jpg,2,Grade 3 (Severe),1,Grade 2 (Moderate),0.8303565382957458
patient_image_000830_6e3bc5bc.jpg,1,Grade 2 (Moderate),1,Grade 2 (Moderate),0.873113751411438
patient_image_000339_6167966f.jpg,1,Grade 2 (Moderate),2,Grade 3 (Severe),0.7710240483283997
patient_image_000895_020d42b5.jpg,1,Grade 2 (Moderate),1,Grade 2 (Moderate),0.8421176075935364
patient_image_000647_262f9013.jpg,0,Grade 1 (Mild),0,Grade 1 (Mild),0.9422884583473206
patient_image_000559_a0f01261.jpg,0,Grade 1 (Mild),0,Grade 1 (Mild),0.9478487968444824
patient_image_000652_d9996c5f.jpg,1,Grade 2 (Moderate),1,Grade 2 (Moderate),0.9724425077438354
patient_image_000556_92578943.jpg,1,Grade 2 (Moderate),0,Grade 1 (Mild),0.8287758231163025
patient_image_000305_ef876e53.jpg,2,Grade 3 (Severe),2,Grade 3 (Severe),0.8020497560501099
patient_image_000793_39966297.jpg,1,Grade 2 (Moderate),1,Grade 2 (Moderate),0.9495607018470764
patient_image_000951_4cd21fcb.jpg,1,Grade 2 (Moderate),2,Grade 3 (Severe),0.8379638195037842
patient_image_000921_3ef89be2.jpg,2,Grade 3 (Severe),2,Grade 3 (Severe),0.9368011951446533
patient_image_000364_84b8ea56.jpg,1,Grade 2 (Moderate),2,Grade 3 (Severe),0.5593015551567078
patient_image_000838_c2ebf9f3.jpg,1,Grade 2 (Moderate),1,Grade 2 (Moderate),0.7091822028160095
patient_image_000934_34fc5702.jpg,2,Grade 3 (Severe),2,Grade 3 (Severe),0.9654245972633362
patient_image_000388_198d0e64.jpg,2,Grade 3 (Severe),2,Grade 3 (Severe),0.9841423630714417
patient_image_000252_d3ec3446.jpg,1,Grade 2 (Moderate),1,Grade 2 (Moderate),0.6487616896629333
patient_image_000121_c77f2c83.jpg,1,Grade 2 (Moderate),1,Grade 2 (Moderate),0.8959410190582275
patient_image_000645_9c4dcbff.jpg,0,Grade 1 (Mild),0,Grade 1 (Mild),0.9051899313926697
patient_image_000216_cc3ec1c0.jpg,1,Grade 2 (Moderate),1,Grade 2 (Moderate),0.917890727519989
patient_image_000970_8ce3e7bf.jpg,1,Grade 2 (Moderate),1,Grade 2 (Moderate),0.4692373275756836
patient_image_000419_59039767.jpg,1,Grade 2 (Moderate),2,Grade 3 (Severe),0.5852327346801758
patient_image_000007_833861b5.jpg,2,Grade 3 (Severe),1,Grade 2 (Moderate),0.7843067646026611
patient_image_000055_084cf9be.jpg,0,Grade 1 (Mild),1,Grade 2 (Moderate),0.8496966361999512
patient_image_000259_3ec141ee.jpg,1,Grade 2 (Moderate),1,Grade 2 (Moderate),0.9081312417984009
patient_image_000998_f7bedb65.jpg,2,Grade 3 (Severe),2,Grade 3 (Severe),0.8019115924835205
patient_image_000697_98097f1b.jpg,1,Grade 2 (Moderate),1,Grade 2 (Moderate),0.9153374433517456
patient_image_000906_05b770d1.jpg,2,Grade 3 (Severe),2,Grade 3 (Severe),0.8781267404556274
patient_image_000702_93e8265e.jpg,1,Grade 2 (Moderate),2,Grade 3 (Severe),0.6182153820991516
patient_image_000491_ad2915bf.jpg,1,Grade 2 (Moderate),1,Grade 2 (Moderate),0.9727451801300049
patient_image_000357_dadd1a7f.jpg,1,Grade 2 (Moderate),1,Grade 2 (Moderate),0.9603922963142395
patient_image_000532_af62c840.jpg,0,Grade 1 (Mild),0,Grade 1 (Mild),0.6564368009567261
patient_image_000935_3ac31c34.jpg,1,Grade 2 (Moderate),1,Grade 2 (Moderate),0.5533198714256287
patient_image_000400_6eafcc29.jpg,1,Grade 2 (Moderate),1,Grade 2 (Moderate),0.9899984002113342
patient_image_000346_2c491bdf.jpg,1,Grade 2 (Moderate),1,Grade 2 (Moderate),0.7678664922714233
patient_image_000740_debbb81a.jpg,2,Grade 3 (Severe),2,Grade 3 (Severe),0.5370326638221741
patient_image_000598_38fac96c.jpg,1,Grade 2 (Moderate),1,Grade 2 (Moderate),0.916435182094574
patient_image_000798_1636fbe6.jpg,1,Grade 2 (Moderate),2,Grade 3 (Severe),0.8007382750511169
patient_image_000623_f3ab1371.jpg,1,Grade 2 (Moderate),1,Grade 2 (Moderate),0.8373593091964722
patient_image_000200_c9ae0753.jpg,2,Grade 3 (Severe),1,Grade 2 (Moderate),0.8211808800697327
patient_image_000428_ced31832.jpg,1,Grade 2 (Moderate),1,Grade 2 (Moderate),0.6877841949462891
patient_image_000238_80d8ba1c.jpg,1,Grade 2 (Moderate),1,Grade 2 (Moderate),0.8205764889717102
patient_image_000615_e0ec9749.jpg,0,Grade 1 (Mild),1,Grade 2 (Moderate),0.778667151927948
patient_image_000075_3ce079b5.jpg,0,Grade 1 (Mild),1,Grade 2 (Moderate),0.698867917060852
patient_image_000874_5284b7ef.jpg,1,Grade 2 (Moderate),1,Grade 2 (Moderate),0.9290381669998169
patient_image_000358_284e4ef8.jpg,1,Grade 2 (Moderate),1,Grade 2 (Moderate),0.5134401321411133
patient_image_000462_3e19cc2a.jpg,1,Grade 2 (Moderate),1,Grade 2 (Moderate),0.8001784682273865
patient_image_000804_e1a775f6.jpg,2,Grade 3 (Severe),1,Grade 2 (Moderate),0.5415496826171875
patient_image_000871_f381b0ff.jpg,1,Grade 2 (Moderate),1,Grade 2 (Moderate),0.6554501056671143
patient_image_000348_a440ef40.jpg,2,Grade 3 (Severe),2,Grade 3 (Severe),0.8684036135673523
patient_image_000649_5669f77d.jpg,1,Grade 2 (Moderate),2,Grade 3 (Severe),0.5581537485122681
patient_image_000820_982b50b1.jpg,1,Grade 2 (Moderate),2,Grade 3 (Severe),0.8626580834388733
patient_image_000902_8fe039b3.jpg,2,Grade 3 (Severe),2,Grade 3 (Severe),0.6756706833839417
patient_image_000253_a9b3e1fd.jpg,1,Grade 2 (Moderate),0,Grade 1 (Mild),0.6961473226547241
patient_image_000266_095cc35f.jpg,1,Grade 2 (Moderate),1,Grade 2 (Moderate),0.4710938036441803
patient_image_000688_b31e25b2.jpg,2,Grade 3 (Severe),2,Grade 3 (Severe),0.992429792881012
patient_image_000995_44258a3c.jpg,1,Grade 2 (Moderate),1,Grade 2 (Moderate),0.8302318453788757
patient_image_000698_b617e21d.jpg,2,Grade 3 (Severe),2,Grade 3 (Severe),0.8766648769378662
patient_image_001001_5a3ad0a5.jpg,1,Grade 2 (Moderate),2,Grade 3 (Severe),0.8052710890769958
patient_image_000070_5c483f70.jpg,0,Grade 1 (Mild),0,Grade 1 (Mild),0.7650386095046997
patient_image_000569_1acf7257.jpg,0,Grade 1 (Mild),1,Grade 2 (Moderate),0.8206334114074707
patient_image_000588_11ba2a39.jpg,2,Grade 3 (Severe),0,Grade 1 (Mild),0.4731842875480652
patient_image_000497_5ef9d338.jpg,2,Grade 3 (Severe),1,Grade 2 (Moderate),0.6588177680969238
patient_image_000767_585542a6.jpg,1,Grade 2 (Moderate),1,Grade 2 (Moderate),0.7590664029121399
patient_image_000975_01461997.jpg,2,Grade 3 (Severe),2,Grade 3 (Severe),0.9937635064125061
patient_image_000008_fdfc183f.jpg,1,Grade 2 (Moderate),2,Grade 3 (Severe),0.6521801352500916
patient_image_000360_e286df23.jpg,2,Grade 3 (Severe),2,Grade 3 (Severe),0.9303957223892212
patient_image_000729_fe499a1a.jpg,1,Grade 2 (Moderate),0,Grade 1 (Mild),0.6333440542221069
patient_image_000407_5adfb2c1.jpg,1,Grade 2 (Moderate),1,Grade 2 (Moderate),0.7183529138565063
patient_image_000468_61c7af51.jpg,2,Grade 3 (Severe),1,Grade 2 (Moderate),0.866902232170105
patient_image_000635_d24404f4.jpg,1,Grade 2 (Moderate),1,Grade 2 (Moderate),0.7823681235313416
patient_image_000982_191afad0.jpg,1,Grade 2 (Moderate),2,Grade 3 (Severe),0.7949793934822083
patient_image_000594_edff5861.jpg,1,Grade 2 (Moderate),0,Grade 1 (Mild),0.6309691667556763
patient_image_000885_948ef462.jpg,2,Grade 3 (Severe),2,Grade 3 (Severe),0.8786165118217468
patient_image_000678_6c9e5415.jpg,1,Grade 2 (Moderate),2,Grade 3 (Severe),0.9817723035812378
patient_image_000836_e3727918.jpg,1,Grade 2 (Moderate),2,Grade 3 (Severe),0.5940585136413574
patient_image_000290_e2c5528b.jpg,1,Grade 2 (Moderate),1,Grade 2 (Moderate),0.9543302655220032
patient_image_000926_3d3023d0.jpg,2,Grade 3 (Severe),2,Grade 3 (Severe),0.8009586334228516
patient_image_000445_b05230cf.jpg,1,Grade 2 (Moderate),1,Grade 2 (Moderate),0.7057190537452698
patient_image_000622_070cc0b5.jpg,0,Grade 1 (Mild),1,Grade 2 (Moderate),0.8513889312744141
patient_image_000141_bf14d4a9.jpg,1,Grade 2 (Moderate),1,Grade 2 (Moderate),0.8074250221252441
patient_image_000082_1573cc84.jpg,2,Grade 3 (Severe),1,Grade 2 (Moderate),0.9005172252655029
patient_image_000291_c574c48e.jpg,1,Grade 2 (Moderate),1,Grade 2 (Moderate),0.7533159255981445
patient_image_000361_06ea70b2.jpg,1,Grade 2 (Moderate),2,Grade 3 (Severe),0.6958290338516235
patient_image_000755_52d07050.jpg,1,Grade 2 (Moderate),0,Grade 1 (Mild),0.8082967400550842
patient_image_000397_05ddedc7.jpg,1,Grade 2 (Moderate),2,Grade 3 (Severe),0.6941462159156799
patient_image_000286_083cb465.jpg,1,Grade 2 (Moderate),1,Grade 2 (Moderate),0.9925639033317566
patient_image_000744_3d81cbef.jpg,1,Grade 2 (Moderate),1,Grade 2 (Moderate),0.8285230398178101
patient_image_000237_fd5a157f.jpg,2,Grade 3 (Severe),2,Grade 3 (Severe),0.9598854780197144
patient_image_000981_4b6907de.jpg,2,Grade 3 (Severe),2,Grade 3 (Severe),0.9204797148704529
patient_image_000390_7959b203.jpg,1,Grade 2 (Moderate),1,Grade 2 (Moderate),0.9826409220695496
patient_image_000718_bd47a97f.jpg,1,Grade 2 (Moderate),1,Grade 2 (Moderate),0.5497603416442871
patient_image_000985_4d559869.jpg,0,Grade 1 (Mild),1,Grade 2 (Moderate),0.9235635995864868
patient_image_000990_308204dc.jpg,1,Grade 2 (Moderate),1,Grade 2 (Moderate),0.7109698057174683
patient_image_000585_bdca74e0.jpg,0,Grade 1 (Mild),1,Grade 2 (Moderate),0.9086854457855225
patient_image_000587_cea1c4ba.jpg,0,Grade 1 (Mild),0,Grade 1 (Mild),0.825718879699707
patient_image_000098_998fc38b.jpg,1,Grade 2 (Moderate),1,Grade 2 (Moderate),0.9880574941635132
patient_image_000399_05c48a2a.jpg,1,Grade 2 (Moderate),2,Grade 3 (Severe),0.8721714019775391
patient_image_000743_18258df1.jpg,0,Grade 1 (Mild),0,Grade 1 (Mild),0.5798274874687195
patient_image_000909_a765f5e9.jpg,1,Grade 2 (Moderate),1,Grade 2 (Moderate),0.8939765095710754
patient_image_000403_282b7e3d.jpg,2,Grade 3 (Severe),1,Grade 2 (Moderate),0.7570027112960815
patient_image_000580_fb58b578.jpg,0,Grade 1 (Mild),0,Grade 1 (Mild),0.9792180061340332
patient_image_000019_23caeef3.jpg,2,Grade 3 (Severe),2,Grade 3 (Severe),0.7603338360786438
patient_image_000553_f8c87a59.jpg,1,Grade 2 (Moderate),1,Grade 2 (Moderate),0.9836353063583374
patient_image_000304_229e35a3.jpg,2,Grade 3 (Severe),2,Grade 3 (Severe),0.9360922574996948
patient_image_000515_62943aaa.jpg,0,Grade 1 (Mild),0,Grade 1 (Mild),0.8226924538612366
patient_image_000260_3a2e7767.jpg,1,Grade 2 (Moderate),2,Grade 3 (Severe),0.5592226386070251
patient_image_000593_14b206e2.jpg,0,Grade 1 (Mild),2,Grade 3 (Severe),0.6243535280227661
patient_image_000217_60a9142d.jpg,1,Grade 2 (Moderate),1,Grade 2 (Moderate),0.9550137519836426
patient_image_000960_c07b9ae8.jpg,2,Grade 3 (Severe),2,Grade 3 (Severe),0.895422101020813
patient_image_000845_a53d6d29.jpg,0,Grade 1 (Mild),1,Grade 2 (Moderate),0.4956520199775696
patient_image_000704_8811aa89.jpg,1,Grade 2 (Moderate),2,Grade 3 (Severe),0.8348170518875122
patient_image_000096_9aff477c.jpg,2,Grade 3 (Severe),1,Grade 2 (Moderate),0.5367047786712646
patient_image_000383_d609c8e7.jpg,1,Grade 2 (Moderate),1,Grade 2 (Moderate),0.7218760251998901
patient_image_000797_d21f4490.jpg,0,Grade 1 (Mild),1,Grade 2 (Moderate),0.5207065939903259
patient_image_000242_f0ec8ed0.jpg,2,Grade 3 (Severe),2,Grade 3 (Severe),0.9679871797561646
patient_image_000816_313b09d7.jpg,2,Grade 3 (Severe),2,Grade 3 (Severe),0.7643373608589172
patient_image_000208_e445f5b2.jpg,2,Grade 3 (Severe),1,Grade 2 (Moderate),0.5051842331886292
patient_image_000796_c6a24843.jpg,1,Grade 2 (Moderate),0,Grade 1 (Mild),0.9372016787528992
patient_image_000477_73435014.jpg,1,Grade 2 (Moderate),1,Grade 2 (Moderate),0.987846851348877
patient_image_000518_5e5e9237.jpg,1,Grade 2 (Moderate),0,Grade 1 (Mild),0.9657097458839417
patient_image_000733_39457b8c.jpg,1,Grade 2 (Moderate),2,Grade 3 (Severe),0.9839816689491272
patient_image_000005_89a2810f.jpg,0,Grade 1 (Mild),1,Grade 2 (Moderate),0.8220663070678711
patient_image_000609_b45d7ffd.jpg,2,Grade 3 (Severe),2,Grade 3 (Severe),0.996721088886261
patient_image_000762_98c37c92.jpg,1,Grade 2 (Moderate),0,Grade 1 (Mild),0.7984514236450195
patient_image_000839_90e477c1.jpg,1,Grade 2 (Moderate),1,Grade 2 (Moderate),0.6379615664482117
patient_image_000994_46087cfd.jpg,1,Grade 2 (Moderate),1,Grade 2 (Moderate),0.8707417845726013
patient_image_000177_95a9a504.jpg,0,Grade 1 (Mild),0,Grade 1 (Mild),0.6051377654075623
patient_image_000508_f7a15f6f.jpg,0,Grade 1 (Mild),1,Grade 2 (Moderate),0.7662314176559448
patient_image_000092_3c5a3b75.jpg,2,Grade 3 (Severe),0,Grade 1 (Mild),0.9232770204544067
patient_image_000362_37ddc399.jpg,2,Grade 3 (Severe),1,Grade 2 (Moderate),0.7990733981132507
patient_image_000458_22bdeefa.jpg,1,Grade 2 (Moderate),2,Grade 3 (Severe),0.661668598651886
patient_image_000626_297e8e85.jpg,1,Grade 2 (Moderate),1,Grade 2 (Moderate),0.6948293447494507
patient_image_000343_613303bc.jpg,1,Grade 2 (Moderate),1,Grade 2 (Moderate),0.8664318919181824
patient_image_000021_1f767ab9.jpg,2,Grade 3 (Severe),1,Grade 2 (Moderate),0.7982180714607239
patient_image_000568_30da5428.jpg,1,Grade 2 (Moderate),1,Grade 2 (Moderate),0.7203242778778076
patient_image_000113_8dc0b8b0.jpg,2,Grade 3 (Severe),0,Grade 1 (Mild),0.7360161542892456
